id,age,malignant,yes,no,survive
1,1,0,77,10,88.50574713
2,1,1,51,13,79.6875
3,2,0,51,11,82.25806452
4,2,1,38,20,65.51724138
5,3,0,7,3,70
6,3,1,6,3,66.66666667
